oleta1975@weimann.name,Carole Bogan,(518) 297-5694
emie_quitzon@streich.name,Zack Padberg,359-341-6555
cydney1950@swift.com,Dr. Gilberto Ferry,633.319.3454
maudie1920@christiansen.net,Miss Antonietta Gutkowski,824/934-0469
gerson2100@gorczany.name,Avery Stoltenberg,506.768.8763
ernie2097@mcglynn.net,Melissa Cormier,674-769-8640
alanna1971@reinger.biz,Jordi Kozey Jr.,943-727-7417
imogene2061@white.net,Ms. Sandrine Walsh,4675721850
albin.thiel@langworth.net,Janick Koelpin,539/451-0879
seamus2061@grimes.biz,Ike Bogisich,779.399.4730
brandyn1925@harvey.org,Ms. Albert Gottlieb MD,483-758-9454
enola.okon@wisozk.info,Shirley Crooks,(281) 622-6541
lottie_hintz@breitenberg.name,Efrain Bernhard,212.653.0235
leonard.balistreri@wilderman.net,Jalon Cronin,(815) 843-5709
lois.hackett@braun.info,Abby Bayer,765-526-3614
cleo_stokes@feil.name,Peggie Barrows,272/308-5319
colten2097@kuhn.com,Glenda Paucek,358/543-2629
barbara2012@dietrich.net,Brisa Schultz,702-472-2855
suzanne1969@langworth.biz,Axel O'Keefe DVM,9812272479
sophia_rolfson@kihn.net,Lelia Carter,569/231-3188
sydnee_jacobson@feest.biz,Name Stanton,545/863-7014
hilbert_frami@jenkins.com,Sigmund Johns,711/233-9690
mabelle.robel@wilkinson.name,Allan Cummerata,857/325-9666
cheyanne_champlin@stokes.info,Shane Bode,475-548-7852
alexandre.witting@price.net,Chaz Moen,(418) 294-4502
myah.schaefer@tremblay.org,Sylvester Larkin,336/653-1758
bessie_fritsch@sanford.com,Mary Nolan,456-556-0567
cleve1997@beahan.org,Teagan Johns,529.445.5034
kaleb.lebsack@dickinson.com,Icie Reilly,(617) 727-0486
clemmie_rempel@crona.info,Kitty McLaughlin,4659739730
ernie1957@auer.com,Zachariah Fisher,(324) 756-6685
matt1909@jaskolski.biz,Odie Schuppe,(355) 717-7057
hallie2083@stehr.com,Natalie Maggio,958-384-8502
doris1938@lemke.info,Keeley Ebert,282.443.9732
rachel.gaylord@turner.info,Miss Franco Ryan,946.579.5408
sherwood.weimann@kunde.info,Tiffany Hand,480/817-3753
laurie_leffler@cruickshank.info,Mr. Alysson Kassulke,9236595288
gilbert_schaefer@graham.info,Kristina Nolan,766/713-4079
cicero_von@jacobs.com,Phoebe Ferry,682.828.1521
andrew1992@funk.com,Miss Caesar Borer,636/202-7149
crystel_bruen@schowalter.info,Bethany Stamm,(681) 851-1649
cullen.treutel@west.net,Serena Mitchell,340/605-2697
samson2099@rosenbaum.biz,Ms. Bernita Emard,2257060442
aniya1959@cartwright.com,Guillermo Stoltenberg,903/371-0094
dennis2023@johns.biz,Derek Fahey,7637231995
syble1998@gerlach.biz,Edd Cummerata,886.879.1855
joanny2066@kertzmann.name,Hailey Huels,316/853-7282
claudine1902@friesen.com,Freda Towne,(629) 597-4814
